{"ts0": [1653266046, 1653352446, 1653438846, 1653525246, 1653611646, 1653698046, 1653796856], "ts1": [1653179646, 1653266046, 1653352446, 1653438846, 1653525246, 1653611646, 1653796856], "A_old": [10000, 10000, 9166.66666666666, 8333.33333333333, 7500, 6666.66666666666, 5833.33333333333], "A_new": [9166.66666666666, 9166.66666666666, 8333.33333333333, 7500, 6666.66666666666, 5833.33333333333, 5000]}